challenge_id,rec_Title,source,source_year,challenging_id,boxer_challenging,challenged_id,boxer_challenged,status,condition,basis,location_descp,city,location,weight
972,Araya v. Bolli,Semanario La Prensa. Los Andes,1928-04-05,882,"Araya, Manuel",780,"Bolli, Carlos",,,,"Manager's business, downtown Los Andes.",Los Andes,POINT(-70.600875 -32.835752),1
975,Valdes v. Pérez,Semanario La Prensa. Los Andes,1928-04-08,833,"Valdes, Mario",272,"Pérez, Amador",,,,,Los Andes,POINT(-70.688871 -32.833203),2
978,Ortiz v. Araya,Semanario La Prensa. Los Andes,1928-04-08,976,"Ortiz, Rafael",882,"Araya, Manuel",,,,,Los Andes,POINT(-70.598582 -32.833016),2
985,Valdes v. Gallardo,Semanario La Prensa. Los Andes,1928-04-29,833,"Valdes, Mario",827,"Gallardo, Pedro",,,,,Los Andes,POINT(-70.593621 -32.834478),2
986,Silva v. Iñiguez,Los Sports,1924-02-01,189,"Silva, Carlos",987,"Iñiguez, Mario",accepted,,,,Antofagasta,POINT(-70.397502 -23.650928),1
988,Flores v. Farrafino,Los Sports,1924-03-07,302,"Flores, Sara",303,"Farrafino, Cleme",,,,,Antofagasta,POINT(-70.397502 -23.650928),1
993,Huerta v. Giaverini,Los Sports,1924-02-01,891,"Huerta, Francisco",573,"Giaverini, Oscar",,,,,Antofagasta,POINT(-70.397502 -23.650928),2
994,Huerta v. Giaverini,Los Sports,1924-02-01,891,"Huerta, Francisco",573,"Giaverini, Oscar",,,,,Antofagasta,POINT(-70.397502 -23.650928),2
1000,Tapia v. Inostroza,Los Sports,1924-03-07,158,"Tapia, Julio",1001,"Inostroza, Ruperto",,,,,Antofagasta,POINT(-70.397502 -23.650928),1
1002,Alley v. Salinas,Los Sports,1924-03-07,1003,"Alley, Juan",321,"Salinas, Juan",accepted,,,,,,1
1004,Olguín v. Valdenegro,Los Sports,1924-03-07,647,"Olguín, Humberto",423,Valdenegro,,,,,,,1
1005,Olguín v. Henriquez,Los Sports,1924-03-07,647,"Olguín, Humberto",1006,Henriquez,,,,,,,1
1007,Olguín v. Leiva,Los Sports,1924-03-07,647,"Olguín, Humberto",1008,Leiva,,,,,,,1
1009,Acosta v. Molina,Los Sports,1924-03-14,332,"Acosta, Luis J.",1010,"Molina, Erasmo",,,,,Santiago,POINT(-70.669265 -33.44889),1
1011,Acosta v. Parra,Los Sports,1924-03-14,332,"Acosta, Luis J.",1012,"Parra, Routier",,,,,Santiago,POINT(-70.669265 -33.44889),1
1013,Rios v. Arratia,Los Sports,1924-03-14,502,"Rios, Agustin",1014,"Arratia, Jose",,,,,,,1
1015,Caldera v. Anguita,Los Sports,1924-04-04,143,"Caldera, Francisco",572,"Anguita, Oscar",,,,,,,1
1017,Caldera v. Giaverini,Los Sports,1924-04-04,143,"Caldera, Francisco",573,"Giaverini, Oscar",,,,,,,1
1018,Guerrero v. Lasseube,Vicentini,1924-01-23,77,"Guerrero, Angel",146,"Lasseube, Enrique",,Box Federation,,,Santiago,POINT(-70.65045 -33.437776),1
1020,Gonzalez v. Suarez,Los Sports,1924-04-15,639,"Gonzalez, Johnston",1021,"Suarez, Pablo",,,,,Iquique,POINT(-70.135669 -20.230703),2
1022,Gonzalez v. Correa,Los Sports,1924-04-15,639,"Gonzalez, Johnston",735,"Correa, Luis",,,,,Iquique,POINT(-70.135669 -20.230703),1
1023,Gonzalez v. Cipry,Los Sports,1924-04-15,639,"Gonzalez, Johnston",1024,"Cipry, John",,,,,Iquique,POINT(-70.135669 -20.230703),1
1025,Gonzalez v. Saavedra,Los Sports,1924-04-15,639,"Gonzalez, Johnston",1026,"Saavedra, Clemente",,,,,Iquique,POINT(-70.135669 -20.230703),1
1027,Villablanca v. Jaña,Los Sports,1924-05-23,732,"Villablanca, Luis",223,"Jaña, Andres",,,,,Santiago,POINT(-70.648396 -33.444609),1
1028,Villablanca v. Meza,Los Sports,1924-05-23,732,"Villablanca, Luis",733,"Meza, Fernando",,,,,Santiago,POINT(-70.648396 -33.444609),1
1030,García v. Valdivieso,Los Sports,1924-01-25,163,"García, Francisco",1031,"Valdivieso, Raul",,,,,,,1
1034,Guerra v. Martinez,Los Sports,1924-01-25,162,"Guerra, Oscar",1035,"Martinez, Alejandro",,,,,,,1
1036,Araya v. Mery,Los Sports,1924-01-25,175,"Araya, Jorge",98,"Mery, Oscar",,,,,Santiago,POINT(-70.65045 -33.437776),1
1037,Tapia v. Ibarra,Los Sports,1924-01-25,174,"Tapia, Manuel",1038,"Ibarra, Daniel",,,,,,,1
1039,Fajardo v. Iglesias,Los Sports,1924-01-25,177,"Fajardo, Ruperto",1040,"Iglesias, Alvaro",,,,,Santiago,POINT(-70.65045 -33.437776),1
1041,Vargas v. Rojas,Los Sports,1924-01-25,178,"Vargas, Armando",126,"Rojas, Nicanor",,in benefit,,,,,1
1042,Amparán v. Mendez,Los Sports,1924-01-25,185,"Amparán, Miguel",1043,"Mendez, Arturo",,,,,,,1
1045,Barros v. Trias,Vicentini,1924-01-23,933,"Barros, Rogelio",934,"Trias, Alfonso",,,,,Santiago,POINT(-70.641377 -33.455236),1
1046,Ibarra v. Astorga,Vicentini,1924-01-23,935,"Ibarra, Carlos",936,"Astorga, Raul",,,,,Santiago,POINT(-70.641377 -33.455236),1
1047,Ibarra v. Sandoval,Vicentini,1924-01-23,935,"Ibarra, Carlos",1048,"Sandoval, Luis",,,,,Santiago,POINT(-70.65045 -33.437776),1
1049,Avendaño v. Inostroza,Vicentini,1924-01-23,937,"Avendaño, Manuel",938,"Inostroza, L.",,,,,Santiago,POINT(-70.65045 -33.437776),1
1050,Salinas v. Lasseube,Vicentini,1924-01-23,939,"Salinas, Luis",146,"Lasseube, Enrique",,Boxing Federation,,,Santiago,POINT(-70.65045 -33.437776),1
1084,Arancibia v. Torres,El Mercurio de Valparaiso,1923-01-01,1079,"Arancibia, Alfredo",1080,"Torres, Guillermo",Accepted,,,,Valparaiso,POINT(-71.612688 -33.047238),1
1139,Beell v. Férnandez,Los Sports,1925-01-23,1138,"Beell, John",276,"Férnandez, Luis",,,,,Valparaiso,POINT(-71.612688 -33.047238),1
1140,Beell v. Sanchez,Los Sports,1925-01-23,1138,"Beell, John",535,"Sanchez, Orlando",,,,,Valparaiso,POINT(-71.612688 -33.047238),1
1143,Wilson v. Lafourcade,Los Sports,1925-01-23,1142,"Wilson, Manuel",1141,"Lafourcade, Luis",,tiebreak,,,,,1
1144,Acosta v. Parra,Los Sports,1925-01-23,1145,"Acosta, Genaro",1146,"Parra, A.",,tiebreak,,,,,1
1147,Varela v. Vera,Los Sports,1925-02-20,439,"Varela, Faustino",1149,"Vera, Juan",,,,,Valparaiso,POINT(-71.619675 -33.045846),1
1152,Adasme v. Contreras,Los Sports,1925-02-27,1150,"Adasme, Alejandro",1151,"Contre., H.",,,,,Santiago,POINT(-70.65045 -33.437776),1
1153,González v. Coll,Los Sports,1925-03-13,14,"González, Gilberto",1131,"Coll, Lorenzo",,,,,Santiago,POINT(-70.669265 -33.44889),1
1156,Romero v. Martinez,Los Sports,1925-03-20,1154,"Romero, Elías",1155,"Martinez, Erasmo",,,,,,,1
1159,Vargas v. Jouglar,Los Sports,1925-03-20,1157,"Vargas, Julio",1158,"Jouglar, Jorge",,,,,,,1
1161,Caceres v. Valenzuela,Los Sports,1925-03-20,1160,"Caceres, Andres",339,"Valenzuela, Os.",,,,,,,1
1164,Concha v. Berbelegua,Los Sports,1925-03-20,1162,"Concha, Luis A.",1163,Berbelegua,,,,,,,1
1165,Gonzalez v. Duque Rodríguez,Los Sports,1925-03-20,639,"Gonzalez, Johnston",156,"Duque Rodríguez, José",,,,,Santiago,POINT(-70.65045 -33.437776),1
1166,Gonzalez v. Murray,Los Sports,1925-03-20,639,"Gonzalez, Johnston",420,"Murray, Willie",,,,,Santiago,POINT(-70.65045 -33.437776),1
1167,Gonzalez v. Suarez,Los Sports,1925-03-20,639,"Gonzalez, Johnston",1021,"Suarez, Pablo",,,,,Santiago,POINT(-70.65045 -33.437776),2
1174,Gazmuri v. Araya,Los Sports,1925-04-10,1179,"Gazmuri, Rafael",1172,"Araya, Segundo",,,,,,,1
1175,Gazmuri v. Mardones,Los Sports,1925-04-10,1179,"Gazmuri, Rafael",1173,"Mardones, Arturo",,,,,,,1
1180,Salas v. Keller,Los Sports,1925-04-10,1171,"Salas, Alfredo",1177,"Keller, Pedro",,,,,,,1
1188,Santilly v. García,La Prensa de Talagante,1928-05-06,1190,"Santilly, Atilio",1191,"García, Oscar",,,agreement in La Prensa Talagante,,Talagante,POINT(-70.898423 -33.650438),1
1196,Vásquez v. Molina,Los Sports,1925-04-17,1197,"Vásquez, Luis Alberto",1010,"Molina, Erasmo",,,,,Santiago,POINT(-70.597841 -33.456668),1
1203,Fuenzalida v. Silva,Los Sports,1925-05-10,1198,"Fuenzalida, Humberto",1201,"Silva, Filadelfio",re-match,,,,,,1
1204,Fuenzalida v. Mella,Los Sports,1925-05-10,1198,"Fuenzalida, Humberto",1202,"Mella, Alfredo",,,,,,,1
1207,Saenz v. Langford,Los Sports,1925-05-01,1205,"Saenz, Isidro",1206,"Langford, Kid",,,,,,,1
1208,Saenz v. Bull,Los Sports,1925-05-01,1205,"Saenz, Isidro",982,"Bull, John",,,,,,,2
1209,Saenz v. Bull,Los Sports,1925-05-01,1205,"Saenz, Isidro",982,"Bull, John",,,,,,,2
1211,Castro v. Wilson,Los Sports,1925-05-01,1210,"Castro, Juan",1142,"Wilson, Manuel",,,,,,,1
1216,Marchant v. Rojas,Los Sports,1925-01-01,1212,"Marchant, Aquiles",1215,"Rojas, Froilan",,,,,Llay-Llay,POINT(-70.956166 -32.840981),1
1217,Fuentes v. Parra,Los Sports,1925-05-29,1218,"Fuentes, Angel",1219,"Parra, Humberto",,,,,,,1
1222,Diaz v. Keller,Los Sports,1925-06-05,1223,"Diaz, Heriberto",1177,"Keller, Pedro",,,,,,,1
1227,Cepeda v. Lagos,Los Sports,1925-06-05,1225,"Cepeda, Luis",1226,"Lagos, Luis",,,conditions in the Centro Manuel Concha,Centro Manuel Concha,Santiago,POINT(-70.65045 -33.437776),1
1229,Martínez v. Pozo,Los Sports,1925-06-05,1228,"Martínez, Francisco",530,"Pozo, Carlos",,,,,Talcahuano,POINT(-73.116981 -36.724783),1
1230,Martínez v. Pinto,Los Sports,1925-06-05,1228,"Martínez, Francisco",232,"Pinto, Juan",,,,,Talcahuano,POINT(-73.116981 -36.724783),1
1233,Parisi v. Gomez,Los Sports,1926-04-02,738,"Parisi, Antonino",1232,"Gomez, Venerando",not accepted,,,,Santiago,POINT(-70.669265 -33.44889),1
1234,Parisi v. Cano,Los Sports,1926-04-02,738,"Parisi, Antonino",539,"Cano, Gustavo",not accepted,,,,Santiago,POINT(-70.669265 -33.44889),1
1242,Rojas v. Navarro,Los Sports,1927-01-07,1215,"Rojas, Froilan",1240,"Navarro, Jorge",,,Basis in Los Sports,,Santiago,POINT(-70.669265 -33.44889),1
1246,Vargas v. Arriagada,Los Sports,1927-01-07,1157,"Vargas, Julio",1245,"Arriagada, Edgardo",,,,,San Fernando,POINT(-70.909988 -34.582309),1
1251,Laverry v. Molina,Los Sports,1927-03-11,1249,"Laverry, Jim",1010,"Molina, Erasmo",,,,,Santiago,POINT(-70.64658 -33.472148),1
1252,Laverry v. Sánchez,Los Sports,1927-03-11,1249,"Laverry, Jim",1250,"Sánchez, Domingo",,,,,Santiago,POINT(-70.64658 -33.472148),1
1256,Vargas v. Cazzano,Los Sports,1927-05-20,178,"Vargas, Armando",1253,"Cazzano, Miguel",,,,,Santiago,POINT(-70.669265 -33.44889),1
1257,Lucero v. Lasseube,Los Sports,1927-05-20,1255,"Lucero, Luis",146,"Lasseube, Enrique",,,,,Santiago,POINT(-70.669265 -33.44889),1
1260,Vermar v. Ortiz,Los Sports,1927-09-02,1258,"Vermar, Raul",1259,"Ortiz, Clodomiro",,,,,,,1
1263,Soto v. Molina,Los Sports,1927-09-30,1262,"Soto, Gerardo",1261,"Molina, Alfredo",accepted,,,,Santiago,POINT(-70.669265 -33.44889),1
1265,Risso v. Tobar,Los Sports,1928-01-27,263,"Risso, Manuel",727,"Tobar, Marcos",,,,,San Antonio,POINT(-71.605512 -33.592281),1
1270,Paiva v. Cañas,Los Sports,1928-02-10,1267,"Paiva, Victor M.",1268,"Cañas, Jose",,,,,Santiago,POINT(-70.669265 -33.44889),1
1271,Paiva v. Pedraza,Los Sports,1928-02-10,1267,"Paiva, Victor M.",1269,"Pedraza, Domingo",,,,,Santiago,POINT(-70.669265 -33.44889),1
1272,Coll v. Cutiño,Los Sports,1928-02-17,1131,"Coll, Lorenzo",660,"Cutiño, Eduardo",,,,,,POINT(-70.669265 -33.44889),2
1273,Coll v. Vera,Los Sports,1928-02-17,1131,"Coll, Lorenzo",151,"Vera, Teobaldo",,,,,Santiago,POINT(-70.669265 -33.44889),1
1274,Coll v. Celis,Los Sports,1928-02-17,1131,"Coll, Lorenzo",1275,"Celis, Manuel",,,,,Santiago,POINT(-70.669265 -33.44889),1
1276,Parra v. Molina,Los Sports,1928-07-27,1012,"Parra, Routier",1261,"Molina, Alfredo",,,,,Santiago,POINT(-70.65045 -33.437776),1
1282,Galdames v. Castellon,Los Sports,1928-12-07,1279,"Galdames, Robinson",1283,"Castellon, M.",,,,,Santiago,POINT(-70.669265 -33.44889),1
1285,Duque v. Valdes,Los Sports,1925-07-10,1284,"Duque, Oscar",833,"Valdes, Mario",,,Chilean Boxing Federation,,Santiago,POINT(-70.65045 -33.437776),1
1287,Gonzalez v. Ibarra,Los Sports,1925-07-10,639,"Gonzalez, Johnston",935,"Ibarra, Carlos",Revenge,,,,Santiago,POINT(-70.65045 -33.437776),1
1291,Romero v. Muñoz,Los Sports,1925-07-10,1289,"Romero, Jose P.",1290,"Muñoz, Benjamin",,,,,,,1
1295,Nemesio v. Guzman,Los Sports,1925-07-10,1292,"Nemesio, Oscar",921,"Guzman, Humberto",,,,,Iquique,POINT(289.869073 -20.248795),1
1298,Manriquez v. Tellez,Los Sports,1925-07-31,1296,"Manriquez, Enrique",1297,Tellez,,,,,,,1
1302,Soto v. Sanguinetti,Los Sports,1925-07-31,1299,"Soto, Arturo",1301,"Sanguinetti, Enrique",,,,,San Fernando,POINT(289.011712 -34.585725),1
1303,Saavedra v. Férnandez,Los Sports,1925-08-07,1026,"Saavedra, Clemente",276,"Férnandez, Luis",,,,,Rancagua,POINT(289.258701 -34.16474),1
1309,Osorio v. Nuñez,Los Sports,1925-10-09,1304,"Osorio, Carlos",1310,"Nuñez, Rogelio",,,,,,,1
1311,Vargas v. Contreras,Los Sports,1925-08-14,178,"Vargas, Armando",62,"Contreras, Victor",,middleweight championship,,,,,1
1312,Ortega v. Muñoz,Los Sports,1925-08-14,244,"Ortega, Eliecer",1313,"Muñoz, Pablo",,,,,Santago,POINT(-70.65045 -33.437776),1
1317,Olguín v. Sedan,Los Sports,1925-11-27,647,"Olguín, Humberto",1314,"Sedan, Teofilo",,,,,,,1
1318,Molina v. Guzman,Los Sports,1925-11-27,1261,"Molina, Alfredo",921,"Guzman, Humberto",,,,,,,1
1319,Cutiño v. Uzabeaga,Los Sports,1923-05-25,660,"Cutiño, Eduardo",284,"Uzabeaga, Carlos",,,,,Valparaiso,POINT(-70.852975 -32.597609),1
1322,Zamora v. Roberts,Los Sports,1925-06-21,1236,"Zamora, German",1321,"Roberts, Charly",,,,,Valparaíso,POINT(-71.631098 -33.040765),1
1327,Navarro v. Jaña,Los Sports,1923-09-28,1324,"Navarro, Alberto",223,"Jaña, Andres",,,,,Santiago,POINT(-70.650454 -33.437912),1
1329,Navarro v. Calda,Los Sports,1923-09-28,1324,"Navarro, Alberto",1328,"Calda, Victor",,,,,Santiago,POINT(-70.650454 -33.437912),1
1330,Vergara v. Neira,Los Sports,1923-09-28,1325,"Vergara, Eduardo",1326,"Neira, Carlos",,,,,Santiago,POINT(-70.650454 -33.437912),1
1331,Román v. Sánchez,Los Sports,1923-11-16,188,"Román, Julio",1250,"Sánchez, Domingo",tie break,,,,Santiago,POINT(-70.65045 -33.437776),1
1334,Murias v. Mery,Los Sports,1923-11-28,1332,"Murias, Emiliano",594,"Mery, Augusto",,whatever Mary determines,"230 box, Antofagasta",,Antofagasta,POINT(-70.388546 -23.645295),1
1337,Aguilera v. Moreno,Los Sports,1928-12-29,144,"Aguilera, Leopoldo",1336,"Moreno, G.",,,,,Santiago,,1
1338,Carvajal v. Baeza,Semanario La Prensa Los Andes,1927-12-04,835,"Carvajal, Julio",836,"Baeza, Florencio",,,,,San Felipe,POINT(-70.725202 -32.750698),1
1340,Huerta v. Medalla,Semanario La Prensa. Los Andes,1928-01-22,842,"Huerta, Luis",837,"Medalla, Luis",not accepted,Whatever the boxer challenged desires,Through this press,,Los Andes,POINT(-70.598161 -32.833687),1
1341,Mac-Conell v. Rios,Semanario La Prensa. Los Andes,1928-02-02,890,"Mac-Conell, Roberto",866,"Rios, Luis",not accepted,whatever conditions the chellenged boxer decide,through this newspaper,,San Felipe,POINT(-70.725202 -32.750698),1
1343,Cifuentes v. Farias,Semanario La Prensa. Los Andes,1928-02-09,867,"Cifuentes, Alex",872,"Farias, Gabriel",accepted,,,,Los Andes,POINT(-70.598161 -32.833687),1
1345,Mac-Conell v. Carvajal,Semanario La Prensa. Los Andes,1928-02-09,890,"Mac-Conell, Roberto",835,"Carvajal, Julio",accepted,,,,Los Andes,POINT(-70.598161 -32.833687),1
1346,Valdes v. Lemus,Semanario La Prensa. Los Andes,1928-02-09,875,"Valdes, Miguel",839,"Lemus, Rosauro",,,,,Los Andes,POINT(-70.598161 -32.833687),1
1347,Ortega v. Baeza,Semanario La Prensa. Los Andes,1928-02-09,876,"Ortega, Oscar",836,"Baeza, Florencio",,,,,Los Andes,POINT(-70.598161 -32.833687),1
1348,Rojas v. Huerta,Semanario La Prensa. Los Andes,1928-02-09,873,"Rojas, Gregorio",842,"Huerta, Luis",,,answer through this media,,Los Andes,POINT(-70.598161 -32.833687),1
1349,Barcelo v. Baeza,Semanario La Prensa. Los Andes,1928-02-16,886,"Barcelo, Oscar",836,"Baeza, Florencio",,,,,Los Andes,POINT(-70.598161 -32.833687),1
1353,Rios v. Aracena,Semanario La Prensa. Los Andes,1928-02-16,1352,"Rios, Manuel",1351,"Aracena, Antonio",,whatever the chellenged boxer wishes,,,San Felipe,POINT(-70.725202 -32.750698),1
1354,Fuentes v. Aracena,Semanario La Prensa. Los Andes,1928-02-16,889,"Fuentes, Francisco",1351,"Aracena, Antonio",revancha,,,,San Felipe,POINT(-70.725202 -32.750698),1
1357,Mac-Conell v. Baeza,Semanario La Prensa. Los Andes,1928-02-26,1355,"Mac-Conell, David",836,"Baeza, Florencio",,10 rounds,,,Los Andes,POINT(-70.598161 -32.833687),1
1358,Baeza v. Badani,Semanario La Prensa. Los Andes,1928-02-26,836,"Baeza, Florencio",826,"Badani, Faustino",,10 rounds,,,Los Andes,POINT(-70.598161 -32.833687),1
1360,Baeza v. Valdes,Semanario La Prensa. Los Andes,1928-02-26,836,"Baeza, Florencio",833,"Valdes, Mario",,10 rounds,,,Los Andes,POINT(-70.598161 -32.833687),1
1361,Castillo v. Baeza,Semanario La Prensa. Los Andes,1928-03-02,865,"Castillo, Ernesto",836,"Baeza, Florencio",,,,,Los Andes,POINT(-70.598161 -32.833687),1
1362,Araya v. Mendoza,Semanario La Prensa. Los Andes,1928-04-05,1247,"Araya, Dionisio",844,"Mendoza, Viterbo",,,,,Los Andes,POINT(-70.598161 -32.833687),1
1363,Valdes v. Pérez,Semanario La Prensa. Los Andes,1928-04-08,833,"Valdes, Mario",272,"Pérez, Amador",,,,,Los Andes,POINT(-70.598161 -32.833687),2
1364,Ortiz v. Araya,Semanario La Prensa. Los Andes,1928-04-08,976,"Ortiz, Rafael",882,"Araya, Manuel",,"conditions with the manager, in Santa Rosa 181",,,Los Andes,POINT(-70.598161 -32.833687),2
1365,Valdes v. Gallardo,Semanario La Prensa. Los Andes,1928-01-01,833,"Valdes, Mario",827,"Gallardo, Pedro",,,set basis in Av Independencia 564,,Los Andes,POINT(-70.598161 -32.833687),2
1372,Parraguez v. Varas,El Mercurio de Valparaiso,1921-01-08,1367,"Parraguez, Armando",1368,"Varas, Jose",not accepted,4 to 6 rounds,,Centro Arturo Prat,Valparaíso,POINT(-71.619675 -33.045846),1
1373,Gallardo v. Madrid,El Mercurio de Valparaiso,1921-01-08,1369,"Gallardo, Humberto",1370,"Madrid, Hector",not accepted,,"if Madrid does not answer, Gallardo will declare himself winner",Centro Arturo Prat,Valparaíso,POINT(-71.619675 -33.045846),1
1375,Gonzalez v. Bastías,El Mercurio de Valparaiso,1921-03-10,639,"Gonzalez, Johnston",190,"Bastías, Manuel",not accepted,10 rounds,,Centro de Box Pasaje Santiago,Valparaíso,POINT(-71.619675 -33.045846),1
1378,Roman v. Leiva,El Mercurio de Valparaiso,1921-07-13,1376,"Roman, Luis",1377,"Leiva, Manuel",not accepted,meeting at three pm to sign the basis,,,Valparaiso,POINT(-71.619675 -33.045846),1
1383,Gallegos v. Malvine,El Mercurio de Valparaiso,1921-07-13,1381,"Gallegos, Jose",1382,"Malvine, L.",,,office of the Manuel Sanchez Boxing Club,,Valparaiso,POINT(-71.619675 -33.045846),1
1387,Reyes v. Marchant,El Mercurio de Valparaiso,1921-08-21,1386,"Reyes, Manuel",1212,"Marchant, Aquiles",not accepted,,pasaje Brunn #7,,Viña del Mar,POINT(-71.551764 -33.024453),1
1390,Carrozo v. Cabrera Rocco,El Mercurio de Valparaiso,1921-10-08,1388,"Carrozo, Pedro",1389,"Cabrera Rocco, Mario",not accepted,"any conditions, tomorrow 9:30",,,Valparaiso,POINT(-71.619675 -33.045846),1
1396,Aguayo v. Toro H,El Mercurio de Valparaiso,1921-10-15,1392,"Aguayo, Oscar",1393,"Toro H, Francisco",accepted,,,,Valparaiso,POINT(-71.619675 -33.045846),1
1401,García v. Castro,El Mercurio de Valparaiso,1921-10-21,1397,"García, Jose",1400,"Castro, Oscar",,five rounds,answer by the press,"Blanco 881, Valparaiso",Valparaiso,POINT(-71.624834 -33.041197),1
1404,Rosas v. Moraga,El Mercurio de Valparaiso,1921-10-28,1403,"Rosas, Jeronimo",1402,"Moraga, Tomas",accepted,,,,Valparaiso,POINT(-71.619675 -33.045846),1
1408,Fernandez v. Vicuña,El Mercurio de Valparaiso,1921-10-28,1407,"Fernandez, Alfredo",1406,"Vicuña, Alfonso",accepted,,,,La Calera,POINT(-71.203546 -32.788981),1
1410,Cabrera Rocco v. Carvajal,El Mercurio de Valparaiso,1921-11-18,1389,"Cabrera Rocco, Mario",1409,"Carvajal, Arturo",,,,,La Calera,POINT(-73.968909 4.720122),1
1419,Peña v. Toro,El Mercurio de Valparaiso,1921-11-23,546,"Peña, Luis",1411,"Toro, Luis",,10 rounds,,,Valparaiso,POINT(-71.619675 -33.045846),1
1420,Angulo v. Collao,El Mercurio de Valparaiso,1921-11-23,1414,"Angulo, Luis",1417,"Collao, Julio",accepted,,,,Valparaiso,POINT(-71.619675 -33.045846),1
1421,Angulo v. Vergara,El Mercurio de Valparaiso,1921-11-23,1414,"Angulo, Luis",1415,"Vergara, Pedro",not accepted,,,,Valparaiso,POINT(-71.619675 -33.045846),1
1422,Angulo v. Nieto,El Mercurio de Valparaiso,1921-11-23,1414,"Angulo, Luis",1418,"Nieto, Santiago",not accepted,,,,Valparaiso,POINT(-71.619675 -33.045846),1
1423,Angulo v. Alvarez,El Mercurio de Valparaiso,1921-11-23,1414,"Angulo, Luis",1425,"Alvarez, Alfredo",not accepted,,,,Valparaiso,POINT(-71.619675 -33.045846),1
1431,Torrejón v. Jimenez,El Mercurio de Valparaiso,1922-01-03,1429,"Torrejón, Santiago",1430,"Jimenez, Ev.",not accepted,,,,Valparaiso,POINT(-71.631396 -33.037125),1
1438,Toro v. Castro,El Mercurio de Valparaiso,1922-03-02,1434,"Toro, Guillermo",1435,"Castro, Roberto",,,,Bellavista Boxing Club,Valparaiso,POINT(-71.619675 -33.045846),1
1440,Arancibia v. Carvajal,El Mercurio de Valparaiso,1922-03-20,1079,"Arancibia, Alfredo",1409,"Carvajal, Arturo",,,,,Quillota,POINT(-71.247355 -32.879997),1
1441,Torres v. Vargas,El Mercurio de Valparaiso,1922-03-20,1080,"Torres, Guillermo",178,"Vargas, Armando",,,,,Quillota,POINT(-71.247355 -32.879997),1
1444,Smith v. Pinto,El Mercurio de Valparaiso,1922-03-20,1443,Smith,1442,"Pinto, Segundo",accepted,,,,Quillota,POINT(-71.247355 -32.879997),1
1447,Gomez v. Cabrera Rocco,El Mercurio de Valparaiso,1922-03-29,1445,"Gomez, Manuel",1389,"Cabrera Rocco, Mario",,any conditions,,,Valparaiso,POINT(-71.619675 -33.045846),1
1453,Tapia v. Barchetto,El Mercurio de Valparaiso,1922-04-07,1428,"Tapia, Humberto",1449,"Barchetto, Luis",accepted,,,,Valparaiso,POINT(-71.619675 -33.045846),1
1454,Lemus v. Kaminsky,El Mercurio de Valparaiso,1922-04-07,1452,"Lemus, Juan S.",1451,"Kaminsky, Angel",accepted,,,,Valparaiso,POINT(-71.619675 -33.045846),1
1456,Arancibia v. Rodriguez,El Mercurio de Valparaiso,1922-04-27,1079,"Arancibia, Alfredo",1455,"Rodriguez, Carlos",accepted,,sports office of this newspaper,,Valparaiso,POINT(-71.619675 -33.045846),1
1461,Diaz v. Rozas,El Mercurio de Valparaiso,1922-07-29,1458,"Diaz, Agustin",1459,"Rozas, Eduardo",,10 rounds,,,La Calera,POINT(-71.203546 -32.788981),1
1462,Rozas v. Diaz,La Nacion,1922-07-29,1460,"Rozas, Jorge",1458,"Diaz, Agustin",accepted,10 rounds,,,Santiago,POINT(-70.65045 -33.437776),1
1469,Ortiz v. Gatica,El Mercurio de Valparaiso,1922-08-01,731,"Ortiz, Juvenal",1466,"Gatica, Fermin",accepted,,Coliseio Popular 9pm,,Valparaiso,POINT(-71.619675 -33.045846),1
1470,Arancibia v. Devia,El Mercurio de Valparaiso,1922-08-01,1471,"Arancibia, Augusto",1468,"Devia, Francis",,,,,Valparaiso,POINT(-71.619675 -33.045846),1
1477,Rojas v. Guerrero,El Mercurio de Valparaiso,1922-09-02,1472,"Rojas, Hipolito",1475,"Guerrero, Luis",,,,,Valparaiso,POINT(-71.619675 -33.045846),1
1478,Leiva v. Sanchez,El Mercurio de Valparaiso,1922-09-02,1473,"Leiva, Luis",1476,"Sanchez, Rafael",,,,,Valparaiso,POINT(-71.619675 -33.045846),1
1480,Parraguez v. Gallardo,El Mercurio de Valparaiso,1922-09-11,1367,"Parraguez, Armando",827,"Gallardo, Pedro",accepted,,,,La Calera,POINT(-71.203546 -32.788981),1
1483,Muñoz v. Carretero,El Mercurio de Valparaiso,1922-09-12,1482,"Muñoz, Victor",1481,"Carretero, Felipe",accepted,,sports section of this newspaper,,Valparaiso,POINT(-71.619675 -33.045846),1
1485,Rojas v. Estay,El Mercurio de Valparaiso,1922-10-05,297,"Rojas, Guillermo",1484,"Estay, Eduardo",,,,,Valparaiso,POINT(-70.852975 -32.597609),1
1488,Guzman v. Brosso,El Mercurio de Valparaíso,1922-11-07,1487,"Guzman, Victor",1486,"Brosso, Juan",,,,,Valparaiso,POINT(-71.619675 -33.045846),1
1492,Stivens v. Valdes,El Mercurio de Valparaíso,1922-11-07,1489,"Stivens, Oscar",1490,"Valdes, Manuel",,,with manager A. Gazzolo,,Valparaiso,POINT(-71.619675 -33.045846),1
1500,Gomez v. Sanchez,El Mercurio de Valparaiso,1922-11-24,1494,"Gomez, Caupolican",1495,"Sanchez, Alejandro",accepted,,,,Valparaiso,POINT(-71.619675 -33.045846),1
1501,Gonzalez v. Sanchez,El Mercurio de Valparaiso,1922-11-24,1499,"Gonzalez, Luis R.",1495,"Sanchez, Alejandro",tiebreak,,,,Valparaiso,POINT(-71.619675 -33.045846),1
1502,Sanchez v. Sanchez,El Mercurio de Valparaiso,1922-12-01,1503,"Sanchez, Guillermo",1476,"Sanchez, Rafael",tiebreak,,,,Valparaiso,POINT(-71.619675 -33.045846),1
1509,Emparán v. Wittig,El Mercurio de Valparaiso,1922-12-15,1504,"Emparán, Nelson",1506,"Wittig, Hernán",,,,,Valparaiso,POINT(-71.619675 -33.045846),1
1510,Emparán v. Guerra,El Mercurio de Valparaiso,1922-12-15,1504,"Emparán, Nelson",1508,"Guerra, Carlos",,,,,Valparaiso,POINT(-71.619675 -33.045846),1
1515,Plata v. Diaz,El Mercurio de Valparaiso,1923-01-07,1512,"Plata, Ricardo",1514,"Diaz, Carlos",,conditions with the manager Dinamarca,,,Valparaiso,POINT(-71.603994 -33.046923),1
1517,Lopez v. Roca,El Mercurio de Valparaiso,1923-01-12,409,"Lopez, Jorge",1516,"Roca, Salvador",,,,,Valparaiso,POINT(-71.619675 -33.045846),1
1538,Ruiz v. Alvarado,El Teniente. Diario del Departamento de Bienestar,1922-11-18,1536,"Ruiz, Julio",1537,"Alvarado, Enrique",,,,,Sewell,POINT(-70.740743 -34.170249),1
1540,Duque Rodríguez v. Charol,La Nación,1925-12-10,156,"Duque Rodríguez, José",1539,"Charol, Kid",,,,,,POINT(-70.65045 -33.437776),1
1541,Alviña v. Muñoz,La Nacion,1927-07-23,1543,"Alviña, Santiago",448,"Muñoz, Plutarco",,,,,Santiago,POINT(-70.65045 -33.437776),1
1544,Carmona v. Coll,La Nacion,1927-07-23,1545,"Carmona, Luis",1131,"Coll, Lorenzo",,,"with Eduardo Moya, Porvenir 818",,Santiago,POINT(-70.640601 -33.456643),1
1547,Coll v. Cutiño,La Nacion,1927-07-23,1131,"Coll, Lorenzo",660,"Cutiño, Eduardo",,,,,Santiago,POINT(-70.65045 -33.437776),2
1548,Cifuentes v. Araos,La Nacion,1927-07-23,1549,"Cifuentes, Jose",561,"Araos, Joaquin",,,,,Santiago,POINT(-70.65045 -33.437776),1
1550,Cifuentes v. Rojas,La Nacion,1927-07-23,1549,"Cifuentes, Jose",983,"Rojas, Manuel",,,"basis in ""Los Tiempos"" newspaper",,Santiago,POINT(-70.65045 -33.437776),1
1551,Cifuentes v. Alviña,La Nacion,1927-07-23,1549,"Cifuentes, Jose",1543,"Alviña, Santiago",,,,,Santiago,POINT(-70.65045 -33.437776),1
