"Boxer H-ID",Cathegory,Weight,Weight_kgs,"Family name","Given name(s)","Job Affiliation",Age,City,Gender,"Source year",Source,"Club Affiliation H-ID","Club Affiliation RecordTitle"
4,Amateur,,,Barrera,Alejandro,,,,,1923-03-15,"Los Sports",,
5,,,,Ovando,Luis,,,Chile,,1924-01-11,"Los Sports",,
8,,,,Hellfman,Federico,,,,,1924-01-11,"Los Sports",,
12,Amateur,,,Rojas,"Victor M.",,,"San Felipe",Male,1923-01-11,"Los Sports",,
13,,Pesado,,Zárate,Manuel,,,"San Felipe",Male,1924-01-11,"Los Sports",,
14,Amateur,Mosca,,González,Gilberto,,,,Male,11-01-1924,"Los Sports",925,"Heriberto Rojas Boxing Club"
18,Amateur,Pluma,,Castillo,"José M.",,,,Male,11-01-1924,"Los Sports",925,"Heriberto Rojas Boxing Club"
19,Amateur,gallo,,García,Manuel,,,,Male,1924-01-11,"Los Sports",925,"Heriberto Rojas Boxing Club"
56,,,,Beiza,Juan,,,,,1923-06-03,"Los Sports",,
62,Amateur,"middlelight weight",,Contreras,Victor,,,,Male,1923-03-06,"Los Sports",,
67,,,,Soto,Carlos,,,,,1924-01-04,"Los Sports",,
68,,,,Gomez,Luis,,,Antofagasta,Male,1924-01-04,"Los Sports",,
77,Professional,,,Guerrero,Angel,,,,,1924-01-04,"Los Sports",,
79,,,,Pérez,Carlos,,,,,1924-01-04,"Los Sports",,
87,Professional,,,Abarca,Manuel,,,,,1922-01-11,"Los Sports",,
88,Amateur,"heavy weight",,Contreras,Manuel,,,,Male,11-01-1924,"Los Sports",,
89,Amateur,"light weight",,Díaz,Efraín,,,,,11-01-1924,"Los Sports",,
96,Amateur,"middle weight",,Flores,Pedro,,,,,1924-01-11,"Los Sports",,
97,Amateur,,,Nuñez,Rodolfo,"Ministerio de Guerra",,,Male,1924-01-11,"Los Sports",94,"Minsterio de Guerra"
98,Amateur,,,Mery,Oscar,"Batallón de Telégrafos",,,Male,1924-01-11,"Los Sports",95,"Batallón de Telégrafos"
99,Amateur,,,Santibañez,Pedro,"Escuela de Caballería, Ejército de Chile",,,Male,1924-01-11,"Los Sports",101,"Escuela de Caballería"
104,Amateur,,,Gomez,Marcos,,,,,1923-01-11,"Los Sports",102,"Girardi Boxing Club"
105,Amateur,,,Riveros,Gonzalo,,,Mulchen,,1924-01-11,"Los Sports",,
106,Amateur,,,Cisterna,Oscar,,,Santiago,Male,1924-01-11,"Los Sports",,
107,Amateur,,,Quiroz,Luisa,,,Santiago,Female,1924-01-11,"Los Sports",,
112,Amateur,,65,Riquelme,"Pedro Aquiles",,,Valdivia,Male,1924-01-11,"Los Sports",,
113,Amateur,,,Baudoin,Armando,,,Tocopilla,Male,1924-01-11,"Los Sports",,
116,Amateur,,64,Milla,"Armando Ángel",,,Coquimbo,Male,1924-01-11,"Los Sports",,
118,Amateur,liviano,,Valenzuela,Arturo,,,Valdivia,Male,1924-01-11,"Los Sports",,
119,,pluma,,Moraga,Daniel,,,Valdivia,Male,1924-01-11,"Los Sports",,
120,Amateur,gallo,,Vergara,"Juan M.",,,Valdivia,Male,1924-01-11,"Los Sports",121,"Condell Boxing Club"
123,Amateur,,,Vera,Oscar,,,,Male,1924-01-11,"Los Sports",,
125,Amateur,,,Díaz,Carlos,,,,Male,1924-01-11,"Los Sports",,
126,Amateur,,,Rojas,Nicanor,,,Valparaíso,Male,1924-01-11,"Los Sports",,
135,Professional,,,Vargas,Armando,,,,Male,1924-01-11,"Los Sports",,
137,Amateur,,,Carreño,Juan,,,,,1924-01-11,"Los Sports",,
138,Amateur,,,Muñoz,Enrique,,,,Male,1924-01-11,"Los Sports",,
141,Professional,,,Mery,Filiberto,,,,Male,1924-01-18,"Los Sports",,
143,Amateur,liviano,60,Caldera,Francisco,,,,,1924-01-18,"Los Sports",,
144,Amateur,,45,Aguilera,Leopoldo,,,,Male,1924-01-18,"Los Sports",,
146,Professional,,,Lasseube,Enrique,,,,Male,1924-01-18,"Los Sports",,
147,Amateur,,,Contreras,Manuel,,,,,1924-01-18,"Los Sports",,
151,Amateur,"light weight",,Vera,Teobaldo,,,,Male,1924-01-18,"Los Sports",102,"Girardi Boxing Club"
152,Amateur|juvenile,,,Martínez,Carlos,"Internado Barros Arana",,,,1924-01-18,"Los Sports",154,"Internado Barros Arana B.C"
153,Amateur,,,Clemente,Arturo,"Internado Barros Arana",,,Male,1924-01-18,"Los Sports",154,"Internado Barros Arana B.C"
156,Professional,middleweight,,"Duque Rodríguez",José,,26,Talca,Male,1924-01-11,"Los Sports",,
157,Professional,,,"Duque Rodríguez",Rafael,,,,Male,1924-04-04,"Los Sports",102,"Girardi Boxing Club"
158,Amateur|juvenile,,48,Tapia,Julio,,,,Male,1924-01-25,"Los Sports",,
159,Amateur,,,Cerón,Manuel,,,,Male,1924-01-25,"Los Sports",,
160,Amateur,,,Durán,Julio,,,,Male,1924-01-25,"Los Sports",,
161,Amateur,,,Reyes,Ernesto,,,,Male,1924-01-25,"Los Spórts",,
162,Amateur,,,Guerra,Oscar,,,,,1924-01-25,"Los Sports",,
163,Amateur,,38,García,Francisco,,,,Male,1924-01-25,"Los Spórts",,
167,Professional,,,Martínez,Manuel,,,,Male,1924-01-25,"Los Sports",,
173,Professional,,,Raby,Emilio,,,,,1924-01-25,"Los Sports",,
174,Amateur,,,Tapia,Manuel,,,,,1924-01-25,"Los Sports",,
175,Amateur,,,Araya,Jorge,,,,,1924-01-25,"Los Sports",180,"Rodolfo Jaramillo B.C."
176,Amateur|Professional,,,Díaz,Jorge,,,,,1924-01-25,"Los Sports",,
177,Amateur,,,Fajardo,Ruperto,,,,Male,1924-01-25,"Los Sports",179,"Centro Tallman"
178,Amateur,,,Vargas,Armando,,,,,1924-01-25,"Los Sports",,
182,Amateur,flyweight,50,Castro,Luis,,,Temuco,Male,1924-01-25,"Los Sports",,
185,Amateur,,55,Amparán,Miguel,,,,Male,1924-01-25,"Los Sports",,
186,Amateur,,,Martínez,José,,,,,1924,"Los Sports",183,"Centro Académico Talcahuano"
187,Amateur,,,Ibarra,Oscar,,,Linares,Male,1924-01-25,"Los Sports",,
188,Boxer,gallo,,Román,Julio,,,,,1924-01-25,"Los Sports",,
189,Amateur,,43,Silva,Carlos,,,Antofagasta,Male,1924-02-01,"Los Sports",,
190,Professional,,,Bastías,Manuel,,,,,1924-02-01,"Los Sports",,
193,Amateur,lightweight,,Espinoza,José,,,curicó,Male,1924-01-08,"Los Sports",,
194,Amateur,,,Valenzuela,Humberto,,,,Male,1924-02-08,"Los Sports",,
195,Amateur,,60,Sepúlveda,Adrian,,,,Male,1924-02-08,"Los Sports",,
206,Amateur,,,Guevara,Alvaro,,,Valparaíso,Male,1924-02-08,"Los Sports|",,
207,Amateur,,,López,Zocimo,,,,Male,1924-02-08,"Los Sports",,
209,Amateur,,,Muñoz,Victor,,,,Male,1924-02-08,"Los Sports",,
210,Amateur,,,Rojas,Juan,,,,Male,1924-02-08,"Los Sports",,
212,Amateur,,,Tapia,Nicanor,,,Valparaíso,Male,1924-02-08,"Los Sports",,
213,Amateur,,,Lobos,Orlando,,,Santiago,Male,1924-02-08,"Los Sports",,
223,Amateur,,,Jaña,Andres,,,,,1924-02-08,"Los Sports",,
224,Amateur,,37,Orellana,Salvador,,,,,1924-02-08,"Los Sports",,
232,Professional,fly,,Pinto,Juan,,,Concepción,Male,1924-02-08,"Los Sprts",,
234,Amateur,,,Marchant,Leonel,,,,Male,1924-02-15,"Los Sports",,
235,Amateur,,53,Espinoza,Carlos,,,Valparaíso,Male,1924-02-15,"Los Sports",,
236,Amateur,,,Figueroa,Oscar,,,Santiago,Male,1924-02-15,"Los Sports",,
237,Amateur,,,Bahamondes,Juan,,,Valparaíso,Male,1924-02-15,"Los Sports",,
238,Amateur,,,Dinamarca,Perico,,8,Valparaíso,Male,1924-02-08,"Los Sports",,
239,Boxer,,,Riquelme,Luis,,8,,,1924,"Los Sports",,
244,Amateur,,,Ortega,Eliecer,,,Santiago,Male,1924-02-15,"Los Sports",,
262,Amateur,,,Placencia,Humberto,,,,Male,1924-02-22,"Los Sports",,
263,Amateur,,,Risso,Manuel,,,,Male,1924-02-22,"Los Sports",227,"Santiago Wanderers Boxing Club"
264,Amateur,,,Gorigoitía,Ramón,,,,,1924-02-22,"Los Sports",,
265,Amateur,,,Polite,Carlos,,,,,1924-02-22,"Los Sports",,
266,Amateur,,,Aranguiz,Manuel,,,,Male,1924-02-22,"Los Sports",,
272,Professional,pluma,,Pérez,Amador,,,,Male,1924-02-29,"Los Sports",,
276,Professional,,,Férnandez,Luis,,,,,1924-02-29,"Los Sports",,
277,Professional,,,Hernández,Ricardo,,,,,1924-02-29,"Los Sports",,
278,Amateur,,51,Zúñiga,Juan,,,Santiago,Male,1924-02-29,"Los Sports",,
279,Amateur,,,Criqui,Eugenio,,,,Male,1924-02-29,"Los Sports",,
280,Professional,,61,"Echeverría Lester",Luis,,,,Male,1924-02-22,"Los Sports",,
284,Amateur,flyweight,,Uzabeaga,Carlos,,,,Male,1924-03-07,"Los Sports",55,"Murillo Reyes Boxing Club"
285,Amateur,,,García,Eleuterio,,,,,1924-03-07,"Los Sports",286,"Vicente Salazar Boxing CLub"
288,Amateur,,,Pacheco,Enrique,,,,Male,1924-03-07,"Los Sports",286,"Vicente Salazar Boxing CLub"
289,Amateur,lightweight,,Gómez,Cristóbal,,,,Male,1924-03-07,"Los Sports",290,"Rodolfo Nuñez Boxing Club"
293,Amateur,"middlelight weight",,García,Rafael,,,,,1924-03-07,"Los Sports",,
297,Amateur,,,Rojas,Guillermo,,,,,1924-02-22,"Los Sports",,
300,Amateur,,,Abello,Victor,"Ferrocarriles del Estado",,,Male,1924-03-07,"Los Sports",270,"Centro de Box Asociación Deportiva Ferroviaria de la tercera zona."
302,Amateur,,,Flores,Sara,,,Santiago,Female,1924-03-07,"Los Sports",,
303,Author,,,Farrafino,Clementina,,,Antofagasta,Female,1924-03-07,"Los Sports",,
306,Professional,,90,Garcia,Manuel,,22,"Punta Arenas",,1924-03-07,"Los Spots",,
308,Professional,,60,Mary,Augusto,,,Valparaíso,Male,1924-03-07,"Los Sports",,
309,Professional,,77,Rely,Alex,,,Lima,Male,1924-03-07,"Los Sports",,
313,Amateur,"middle heavy weight",,Cabrera,Humberto,,,Valparaíso,Male,1924-03-07,"Los Sports",317,"Enrique Mac Iver Boxing Club"
314,Amateur,gallo,,Toro,Arturo,,,,,1924-03-07,"Los Sports",,
315,Professional,,49,Tapia,Arturo,,,,Male,1924-03-07,"Los Sports",,
319,Amateur,,,Vega,Hernán,,6,"Punta Arenas",Male,1924-03-07,"Los Sports",,
320,Amateur,,,Vega,Humberto,,8,"Punta Arenas",Male,1924-03-07,"Los Sports",,
321,Amateur,,57,Salinas,Juan,,,,Male,1924-03-07,"Los Sports",,
322,Amateur,,,Nickel,Enrique,,,,,1924-03-07,"Los Sports",179,"Centro Tallman"
324,Amateur,,,Lazo,Hernán,,,,Male,1924-03-07,"Los Sports",323,"Santander Boxing Club"
327,Amateur,,,Casanova,Victor,,,,Male,1924-03-07,"Los Sports",326,"Esmeralda Boxing Club"
328,Amateur,,,Alvarez,Artemio,,,,Male,1924-03-07,"Los Sports",,
332,Professional,,,Acosta,"Luis J.","Compañía de Gas de Santiago",,Santiago,Male,1924-03-14,"Los Sports",329,"Centro Deportivo Compañía de Gas de Santiago"
336,Amateur,,,Orrego,Alfonso,"Compañía Chilena de Electricidad",,,,1925,AF0014517.pdf,334,"Centro Deportivo Medidores"
337,Amateur,,,Belmar,Luis,"Compañía Chilena de Electricidad",,,Male,1925,AF0014517.pdf,334,"Centro Deportivo Medidores"
338,Amateur,,,Merino,Benito,"Compañía Chilena de Electricidad",,,,1925,AF0014517.pdf,334,"Centro Deportivo Medidores"
339,Amateur,,,Valenzuela,Oscar,"Compañía Chilena de Electricidad",,,Male,1925,AF0014517.pdf,334,"Centro Deportivo Medidores"
340,Boxer,,,Vargas,Oscar,"Compañía Chilena de Electricidad",,,Male,1925,AF0014517.pdf,334,"Centro Deportivo Medidores"
355,Amateur,,,Cabrera,Raul,"Compañia Chilena de Electricidad",,Santiago,Male,1925,AF0014517,334,"Centro Deportivo Medidores"
360,,,,Hernán,Adasme,,,,,none,none,,
362,Amateur,,,Lara,José,"Compañia Chilena de Electricidad",,Santiago,Male,1925,AF0014517,334,"Centro Deportivo Medidores"
363,Amateur,,,Sepulveda,Dagoberto,"Compañia Chilena de Electricidad",,Santiago,Male,1925,AF0014517,334,"Centro Deportivo Medidores"
365,Amateur,,,Muñoz,Eduardo,"Compañia Chilena de Electricidad",,,Male,1925,AF0014517,334,"Centro Deportivo Medidores"
366,Amateur,,,Osandon,Tomas,"Compañia Chilena de Electricidad",,Santiago,,1925,AF0014517,334,"Centro Deportivo Medidores"
367,Amateur,,,Garces,Domingo,"Compañia Chilena de Electricidad",,,Male,1925,AF0014517,334,"Centro Deportivo Medidores"
368,Amateur,,,Bruce,Gustavo,"Compañia Chilena de Electricidad",,,,1925,AF0014517,334,"Centro Deportivo Medidores"
369,Amateur,,,Opazo,Enrique,"Compañia Chilena de Electricidad",,Santiago,Male,1925,AF0014517,334,"Centro Deportivo Medidores"
370,Amateur,,,Droguet,Segundo,"Compañia Chilena de Electricidad",,,Male,1925,AF0014517,334,"Centro Deportivo Medidores"
371,Amateur,,,Ulloa,Domingo,"Compañia Chilena de Electricidad",,,Male,1925,AF0014517,334,"Centro Deportivo Medidores"
372,Amateur,,,Flores,Chico,"Compañia Chilena de Electricidad",8,,Male,1925,AF0014517,334,"Centro Deportivo Medidores"
373,Amateur,,,Flores,"Luis C","Compañia Chilena de Electricidad",,Santiago,Male,1925,AF0014517,334,"Centro Deportivo Medidores"
374,Amateur,minimal,,Azerman,Jacobo,"Compañia Chilena de Electricidad",8,,,1925,AF0014517,334,"Centro Deportivo Medidores"
375,Amateur,,,Varas,Ramon,"Compañia Chilena de Electricidad",,,Male,1925,AF0014517,334,"Centro Deportivo Medidores"
376,Amateur,,,Avila,Fernando,"Compañia Chilena de Electricidad",,,Male,1925,AF0014517,334,"Centro Deportivo Medidores"
377,Boxer,,,Belmar,"Luis II","Compañia Chilena de Electricidad",,,Male,1925,AF0014517,334,"Centro Deportivo Medidores"
378,Amateur,,,Gonzalez,Gilberto,"Compañia Chilena de Electricidad",,Santiago,Male,1925,AF0014517,334,"Centro Deportivo Medidores"
379,Amateur,minimum,,Belmar,Segundo,"Compañia Chilena de Electricidad",8,,,1925,AF0014517,334,"Centro Deportivo Medidores"
380,Amateur,,,Gallardo,Manuel,"Compañia Chilena de Electricidad",,Santiago,Male,1925,AF0014517,334,"Centro Deportivo Medidores"
381,Amateur,,,Narvaez,Luis,"Compañia Chilena de Electricidad",,Santiago,Male,1925,AF0014517,334,"Centro Deportivo Medidores"
382,Amateur,,,Vera,Miguel,"Compañia Chilena de Electricidad",,,,1925,AF0014517,334,"Centro Deportivo Medidores"
383,Amateur,,,Carter,German,"Compañia Chilena de Electricidad",,Santiago,Male,1925,AF0014517,334,"Centro Deportivo Medidores"
384,Amateur,,,Mackowel,David,"Compañia Chilena de Electricidad",,Santiago,Male,1925,AF0014517,334,"Centro Deportivo Medidores"
385,Amateur,,,Barrios,Delicio,"Compañia Chilena de Electricidad",,Santiago,Male,1925,AF0014517,334,"Centro Deportivo Medidores"
386,Amateur,,,Caceres,"Juan Luis","Compañia Chilena de Electricidad",,Santiago,,1925,AF0014517,334,"Centro Deportivo Medidores"
387,Amateur,,,Varas,Marcial,"Compañia Chilena de Electricidad",,,Male,1925,AF0014517,334,"Centro Deportivo Medidores"
392,Amateur,,,Marré,Luis,,,Arica,,1924-02-22,"Los Sports",,
394,Amateur,,37,Eyzaguirre,Luis,,,arica,Male,1924-02-22,"Los Sports",,
396,Amateur,,37,Chiessa,Armando,,,,Male,1924-02-22,"Los Sports",,
397,Amateur,,49,Ramos,Arturo,,,arica,,1924-02-22,"Los Sports",,
398,Amateur,,49,Cornejo,Isidora,,,,,1924-02-22,"Los Sports",,
399,Amateur,,55,Luna,Victor,,,Arica,Male,1924-02-22,"Los Sports",,
400,Amateur,,55,Pérez,Jorge,,,Arica,Male,1924-02-22,"Los Sports",,
403,Amateur,,,Larenas,Jorge,"Ejercito de Chile",,,Male,1924-02-22,"Los Sports",,
408,Amateur,,,Quijada,José,"Asociacion Ferroviaria Tercera Zona",,,Male,1924-02-22,"Los Sports",270,"Centro de Box Asociación Deportiva Ferroviaria de la tercera zona."
409,Amateur,,,Lopez,Jorge,"Asociacion Ferroviaria Tercera Zona",,Concepcion,Male,1924-02-22,"Los Sports",270,"Centro de Box Asociación Deportiva Ferroviaria de la tercera zona."
410,Amateur,,,Rojas,Fernando,,,,Male,1924-02-22,"Los Sports",270,"Centro de Box Asociación Deportiva Ferroviaria de la tercera zona."
411,Amateur,,,Ramirez,José,"Asociacion Ferroviaria Tercera Zona",,Concepcion,Male,1924-02-22,"Los Sports",270,"Centro de Box Asociación Deportiva Ferroviaria de la tercera zona."
412,Professional,gallo,55,Ramirez,Francisco,"Asociacion Ferroviaria Tercera Zona",,Concepcion,Male,1924-02-22,"Los Sports",270,"Centro de Box Asociación Deportiva Ferroviaria de la tercera zona."
414,Amateur,,,Sanhueza,Oscar,"Asociacion Ferroviaria Tercera Zona",,Concepcion,Male,1924-02-22,"Los Sports",270,"Centro de Box Asociación Deportiva Ferroviaria de la tercera zona."
420,Professional,,,Murray,Willie,,,"New Jersey",Male,1924-03-14,"Los Sports",,
423,Amateur,,,Valdenegro,,,,,Male,1924-03-14,"Los Sports",,
426,Amateur,,,Espinosa,Carlos,,12,Valparaíso,Male,1924-03-14,"Los Sports",,
427,Amateur,gallo,,Aros,Enrique,,,Santiago,Male,1924-03-14,"Los Sports",290,"Rodolfo Nuñez Boxing Club"
428,Amateur,feather,,Nuñez,Rodolfo,,,,,194-03-14,"Los Sports",290,"Rodolfo Nuñez Boxing Club"
429,Amateur,lightweight,,Cifuentes,Luis,,,,Male,1924-03-14,"Los Sports",290,"Rodolfo Nuñez Boxing Club"
430,Amateur,fly,,Zuñiga,Luis,,,,Male,1924-03-14,"Los Sports",290,"Rodolfo Nuñez Boxing Club"
431,Amateur,gallo,,Recabarren,Luis,,,,Male,1924-03-14,"Los Sports",290,"Rodolfo Nuñez Boxing Club"
432,Amateur,gallo,,Gómez,Arturo,,,,Male,1924-03-14,"Los Sports",290,"Rodolfo Nuñez Boxing Club"
433,Amateur,feather,,Miranda,Ernesto,,,,,1924-03-14,"Los Sports",290,"Rodolfo Nuñez Boxing Club"
434,Amateur,minimo,,Lecaros,Moises,,,,Male,1924-03-14,"Los Sports",290,"Rodolfo Nuñez Boxing Club"
435,Amateur,minimo,,Pinto,Luis,,,,,1924-03-14,"Los Sports",290,"Rodolfo Nuñez Boxing Club"
439,Amateur,,,Varela,Faustino,"Compañía Minera e Industrial de Chile Carbonífera Lota-Schwager",,,Male,1924-11-02,"La Opinion",,
440,Amateur,,,Blanco,Eduardo,,,,Male,1924-11-02,"La Opinion",471,"Maritano F.C"
441,Amateur,,,Silva,Segundo,,,Talcahuano,Male,1924-11-02,"La Opinion",,
442,Amateur,,,"Luis A.",Molina,"Compañía Minera e Industrial de Chile Carbonífera Lota-Schwager",,,Male,1924-11-02,"La Opinion",,
443,Amateur,gallo/fly,,Peña,Enrique,"Compañía Minera e Industrial de Chile Carbonífera Lota-Schwager",,Lota,Male,1924-11-02,"La Opinion",472|506,"Luis Cousiño F.C.|Quintin Romero Boxing Club"
444,Amateur,,,Soto,Luis,,,Talcahuano,Male,1924-11-02,"La Opinion",,
445,Amateur,,,Gomez,"Juan de Dios",,,Talcahuano,Male,1924-11-02,"La Opinion",,
446,Amateur,feather,,Melgoza,Wolfango,"Compañía Minera e Industrial de Chile Carbonífera Lota-Schwager",,,Male,1924-11-02,"La Opinion",506,"Quintin Romero Boxing Club"
447,Amateur,feather,,Christiansen,Oscar,"Compañía Minera e Industrial de Chile Carbonífera Lota-Schwager",,Lota,Male,1924-12-14,"La Opinion",,
448,Amateur,lightweight,,Muñoz,Plutarco,"Compañía Minera e Industrial de Chile Carbonífera Lota-Schwager",,Talcahuano,Male,1924-12-14,"La Opinion",506,"Quintin Romero Boxing Club"
449,Amateur,lightweight,,Muñoz,Guillermo,,,Talcahuano,Male,1924-12-14,"La Opinion",490,"Cultural Académico"
453,Amateur,gallo,,Martinez,Julio,"Compañía Minera e Industrial de Chile Carbonífera Lota-Schwager",,,Male,1924-12-14,"La Opinion",,
454,Amateur,,,Rivera,Quintin,"Compañía Minera e Industrial de Chile Carbonífera Lota-Schwager",,,Male,1924-12-21,"La Opinion",,
455,Amateur,,,Cuevas,Hipólito,"Compañía Minera e Industrial de Chile Carbonífera Lota-Schwager",,,,1924-12-21,"La Opinion",,
457,Amateur,,,Escobar,Pedro,"Compañía Minera e Industrial de Chile Carbonífera Lota-Schwager",,Lota,Male,1924-12-21,"La Opinion",,
458,Amateur,,,Molina,Alberto,"Compañía Minera e Industrial de Chile Carbonífera Lota-Schwager",,,,1924-12-21,"La Opinion",506,"Quintin Romero Boxing Club"
459,Amateur,,,Aviles,Felix,"Compañía Minera e Industrial de Chile Carbonífera Lota-Schwager",,,,1924-12-21,"La Opinion",,
460,Amateur,,,Jimenez,Fernando,"Compañía Minera e Industrial de Chile Carbonífera Lota-Schwager",,,Male,1924-12-21,"La Opinion",,
461,Amateur,,,Rivas,Dionisio,"Compañía Minera e Industrial de Chile Carbonífera Lota-Schwager",,Lota,Male,1924-12-12,"La Opinion",,
462,Amateur,,,Arostegyu,Humberto,"Compañía Minera e Industrial de Chile Carbonífera Lota-Schwager",,,Male,1924-12-21,"La Opinion",,
465,Amateur,fly,,Larrain,Pedro,"Compañía Minera e Industrial de Chile Carbonífera Lota-Schwager",,Lota,Male,1924-12-21,"La Opinion",473,"Deportivo Manuel Rodriguez"
467,Amateur,fly,,Soto,Pedro,,,Talcahuano,Male,1924-12-21,"La Opinion",471,"Maritano F.C"
468,Amateur,gallo,,Henriquez,"Jose Ernesto",,,Talcahuano,Male,1924-12-21,"La Opinion",471,"Maritano F.C"
469,Amateur,gallo,,Venegas,Gilberto,"Compañía Minera e Industrial de Chile Carbonífera Lota-Schwager",,Lota,Male,1924-12-21,"La Opinion",473|506,"Deportivo Manuel Rodriguez|Quintin Romero Boxing Club"
470,Amateur,feather,,Grandon,Mariano,,,,,1924-12-21,"La Opinion",,
479,Amateur,,,Estrada,Eloy,"Escuadra de Marina",,,,1924-03-21,"Los Sports",,
481,Amateur,,,Garrido,Diego,,,,Male,1924-03-21,"Los Sports",,
482,Amateur,,35,Quiroz,Humberto,,,,Male,1924-03-21,"Los Sports",,
484,Amateur,,25,Alfaro,Oscar,,,,Male,1924-03-24,"Los Sports",,
485,Amateur,,,Bonta,Conrado,,,Concepcion,Male,1924-03-1924,"Los Sports",,
486,Amateur,,25,Oliva,Bemjamin,,,,Male,1924-03-24,"Los Sports",488,"Centro Firpo"
489,Amateur,,,Dacaud,W,,,Concepcion,Male,1924-03-24,"Los Sports",,
493,Amateur,minimum,,Valenzuela,Roberto,,,Talcahuano,Male,1924-03-1924,"Los Sports",,
494,Amateur,fly,,Candia,Leopoldo,,,Talcahuano,Male,1924-03-24,"Los Sports",,
495,Amateur,minimum,,Contreras,Efraín,,,Talcahuano,Male,1924-03-24,"Los Sports",471,"Maritano F.C"
501,Amateur,gallo,,Ramos,Delio,,,,,1924-03-24,"Los Sports",,
502,Amateur,,48,Rios,Agustin,,,,Male,1924-03-1924,"Los Sports",,
503,Amateur,fly,,Pizarro,Luis,,,,Male,1924-03-24,"Los Sports",,
505,,,,Romero,Quintin,,,,,1924-03-24,"Los Sports",,
513,Amateur,,,Premier,Esper,"Compañia Minera e Industrial de Chile",,,,1925-01-25,"La Opinion",506,"Quintin Romero Boxing Club"
514,Amateur,,,Pinto,Rodolfo,"Comañía Minera e Industrial de Chile",,,,1925-01-25,"La Opinion",506,"Quintin Romero Boxing Club"
515,Amateur,,,Campos,A.,,,Lota,Male,1925-01-25,"La Opinion",506,"Quintin Romero Boxing Club"
516,Amateur,"mid lightweight",,Zuñiga,Manuel,"Compañía Minera e Industrial de Chile Lota-Schwager",,Lota,Male,1925-02-15,"La Opinion",506,"Quintin Romero Boxing Club"
518,Amateur,minimum,,Lalanne,Enrique,"Comañia Minera e Industrial de Chile Lota-Schwagger",,,,1925-02-15,"La Opinion",506,"Quintin Romero Boxing Club"
527,Amateur,feather,,Medina,Alfredo,,,Talcahuano,Male,1925-03-01,"La Opinion",490,"Cultural Académico"
529,Amateur,fly,,Pantoja,Manuel,,,,,1925-03-01,"La Opinion",490,"Cultural Académico"
530,Amateur,gallo,,Pozo,Carlos,,,Talcahuano,Male,1925-03-01,"La Opinioj",490,"Cultural Académico"
532,Amateur,feather,,Pavez,Armando,,,Talcahuano,Male,1925-03-01,"La Opinion",490,"Cultural Académico"
535,Amateur,,,Sanchez,Orlando,,,Santiago,Male,1924-03-14,"Los Sports",,
538,Amateur,feather,,Salas,Antonio,,,,Male,1924-03-14,"Los Sports",,
539,Pro,lightweight,,Cano,Gustavo,,,Santiago,Male,1924-03-28,"Los Sports",,
542,Pro,feather,,Toro,Carlos,"Carabineros de Chile (Chilean Police)",,,,1924-03-28,"Los Sports",,
544,Amateur,,,Salvo,Jenaro,,,,,1924-03-28,"Los Sports",,
546,Amateur,,,Peña,Luis,,,,Male,1924-03-28,"Los Sports",,
548,Amateur,,,Herrera,Jose,,,,,1924-03-28,"Los Sports",547,"Centro James perry"
553,Amateur,,,Luceros,Leopoldo,"Ferrocarriles del Estado",11,Concepcion,Male,1924-04-04,"Los Sports",,
554,Boxer,,,Rabanal,Manuel,"Ferrocarriles del Estado",,Concepcion,Male,1924-04-04,"Los Sports",270,"Centro de Box Asociación Deportiva Ferroviaria de la tercera zona."
557,Amateur,,,Labra,Luis,"Armada de Chile",,Talcahuano,Male,1924-04-04,"Los Sports",,
558,Amateur,,,Rivera,Jose,,,Cautin,Male,1924-04-04,"Los Sports",,
559,Amateur,,,Vervelagua,,,,,,1924-04-04,"Los Sports",,
560,Amateur,,,Navarro,Jorge,,,,Male,1924-04-04,"Los Sports",,
561,Amateur,,,Araos,Joaquin,,,,Male,1924-04-04,"Los Sports",,
567,Amateur,"middleheavy weight",,Marchant,Otonial,,,santiago,Male,1924-04-04,"Los Sports",102,"Girardi Boxing Club"
568,Amateur,,,Latorre,Francisco,,,Santiago,Male,1924-04-04,"Los Sports",102,"Girardi Boxing Club"
570,Amateur,minimum,,Villegas,Pastor,,,Santiago,Male,1924-04-04,"Los Sports",102,"Girardi Boxing Club"
572,Amateur,,60,Anguita,Oscar,,,,,1924-04-04,"Los Sports",,
573,Amateur,,60,Giaverini,Oscar,,,,,1924-04-04,"Los Sports",,
574,Amateur,,47,Martínez,Enrique,,,,,1924-04-04,"Los Sports",,
575,Amateur,minimum,,Diaz,Raul,,,,,1924-04-04,"Los Sports",102,"Girardi Boxing Club"
576,Amateur,minimum,,Zuñiga,Juan,,,,,1924-04-04,"Los Sports",102,"Girardi Boxing Club"
577,Amateur,,,Vicencio,Armando,,,,,1924-04-04,"Los Sports",102,"Girardi Boxing Club"
578,Amateur,fly,,Vera,Ernesto,,,,,1924-04-04,"Los Sports",102,"Girardi Boxing Club"
579,Amateur,fly,,Gomez,Marcos,,,,,1924-04-04,"Los Sports",102,"Girardi Boxing Club"
580,Amateur,,,Palma,Custodio,,,Santiago,Male,1924-04-04,"Los Sports",102,"Girardi Boxing Club"
581,Amateur,,,Gonzalez,Luis,,,Santiago,Male,1924-04-04,"Los Sports",102,"Girardi Boxing Club"
582,Amateur,feather,,Galvez,Pedro,,,Santiago,Male,1924-04-04,"Los Sports",102,"Girardi Boxing Club"
583,Amateur,feather,,Garrigo,J,,,Santiago,Male,1924-04-04,"Los Sports",102,"Girardi Boxing Club"
584,Amateur,lightweight,,Lopez,Raul,,,Santiago,Male,1924-04-04,1924-04-04,102,"Girardi Boxing Club"
586,Amateur,midweight,,Monras,Juan,,,Santiago,Male,1924-04-04,"Los Sports",102,"Girardi Boxing Club"
588,Amateur,heavy,,Salas,Francisco,,,Santiago,Male,1924-04-04,"Los Sports",102,"Girardi Boxing Club"
590,Amateur,,,Mesa,Facundo,,,Santiago,Male,1924-04-04,"Los Sports",102,"Girardi Boxing Club"
592,Amateur,,,"Duque Rodríguez",Wenceslao,,,Santiago,Male,1924-04-04,"Los Sports",102,"Girardi Boxing Club"
593,Amateur,,,Arce,Manuel,,,Valparaíso,Male,1924-04-11,"Los Sports",,
594,Amateur,,,Mery,Augusto,,,Valparaiso,Male,1924-04-11,"Los Sports",,
599,Amateur,,,Benavides,D.Dalmiro,,,Valdivia,Male,1924-04-11,"Los Sports",596,"Luis Vicentini Boxing Club"
600,Amateur,gallo,,Conde,Carlos,,,Valdivia,Male,1924-04-11,"Los Sports",596,"Luis Vicentini Boxing Club"
601,Amateur,,49,Rubilar,Juan,,,Valdivia,Male,1924-04-11,"Los Sports",596,"Luis Vicentini Boxing Club"
604,Amateur,,,Lombardi,Alfonso,,,Valparaiso,Male,1924-04-11,"Los Sports",,
607,Amateur,,,Silva,Arturo,,,Santiago,Male,1924-04-11,"Los Sports",606,"Centro Almirante Latorre"
608,Amateur,gallo,,Schiappacasse,Adolfo,,,Santiago,Male,1924-04-11,"Los Sports",,
609,Amateur,"middleheavy weight",,Lagos,Eduardo,,,Iquique,Male,1924-04-11,"Los Sports",,
610,Amateur,"middleheavy weight",,Ronero,Antonio,,,Iquique,Male,1924-04-11,"Los Sports",,
613,Amateur,,,Godoy,Luis,,,,Male,1924-04-11,"Los Sports",612,"Club Ciclista Internacional"
625,Amateur,,,Villanueva,Pablo,,,Copiapo,Male,1924-04-18,"Los Sports",,
626,Amateur,,,Navarro,Humberto,,,Copiapo,Male,1924-04-18,"Los Sports",,
627,Amateur,,,Guiliano,Armando,,,Copiapo,Male,1924-04-18,"Los Sports",,
628,Amateur,,70,Sagüer,Ernesto,,,Copiapo,Male,1924-04-18,"Los Sports",,
632,Amateur,,,Alonso,Ernesto,,,Talcahuano,Male,1924-04-18,"Los Sports",,
634,Amateur,gallo,,Villalobos,Alejandro,,,Santiago,Male,1924-04-18,"Los Sports",,
635,Amateur,,,Ramos,Ramon,,,Quillota,Male,1924-04-18,"Los Sports",,
636,Amateur,,,Madrid,"Enrique Segundo",,,,Male,1924-04-18,"Los Sports",,
637,Amateur,,,Galvez,Lindor,,,,,1924-04-18,"Los Sports",,
638,Amateur,lightweight,,Guajardo,Segundo,,,Rancagua,Male,1924-04-18,"Los Sports",,
639,Professional,,,Gonzalez,Johnston,,,,Male,1924-04-18,"Los Sports",,
643,Amateur,"middle weight",,Grecco,Salvador,,,,,1924-04-25,"Los Sports",,
644,Amateur,,,Rivas,Juan,,,Sewell,Male,1924-05-02,"Los Sports",,
645,Amateur,,,Perez,Salvador,,,Aconcagua,Male,1924-05-02,"Los Sports",,
647,Amateur,,56,Olguín,Humberto,,,,Male,1924-04-05,"Los Sports",,
651,Amateur,gallo,53,Nieto,Francisco,,,,,1924-05-02,"Los Sports",227,"Santiago Wanderers Boxing Club"
652,Amateur,minimum,,Ramos,Luis,,,Valparaiso,Male,1924-05-03,"Los Sports",227,"Santiago Wanderers Boxing Club"
653,Amateur,,,Arancibia,Manuel,,,Valparaíso,Male,1924-05-02,"Los Sports",227,"Santiago Wanderers Boxing Club"
654,Amateur,fly,,Silva,Enrique,,,Valparaíso,Male,1924-05-02,"Los Sports",227,"Santiago Wanderers Boxing Club"
655,Amateur,fly,,Gonzalez,Fermin,,,Valparaiso,Male,1924-05-02,"Los Sports",227,"Santiago Wanderers Boxing Club"
656,Amateur,,,Merlino,Jose,,,Valparaíso,Male,1924-05-02,"Los Sports",227,"Santiago Wanderers Boxing Club"
660,Professional,,,Cuitino,Eduardo,,,Valparaiso,Male,1924-05-02,"Los Sports",,
670,Amateur,minimum,,Jara,Ubaldo,,,Concepcion,Male,1924-05-16,"Los Sports",662,"Estrella de America"
671,Amateur,,,Fernandez,Joaquin,,,,Male,1924-05-16,"Los Sports",662,"Estrella de America"
672,Amateur,,,Alarcon,David,,,,Male,1924-05-16,"Los Sports",662,"Estrella de America"
673,Amateur,,,"Del Río",Toro,,,Concepcion,Male,1924-05-16,"Los Sports",662,"Estrella de America"
674,Amateur,,,Soto,Miguel,,,Valdivia,Male,1924-05-16,"Los Sports",596,"Luis Vicentini Boxing Club"
675,Amateur,,,Márquez,Luis,,,,Male,1924-05-16,"Los Sports",,
676,Amateur,,,Mansilla,,,,Valdivia,Male,1924-05-16,"Los Sports",596,"Luis Vicentini Boxing Club"
677,Amateur,,,Muñoz,Enrique,,,Valdivia,Male,1924-05-16,"Los Sports",596,"Luis Vicentini Boxing Club"
678,Amateur,,,Matamala,Francisco,,,,Male,1924-05-16,"Los Sports",596,"Luis Vicentini Boxing Club"
687,Amateur,,54,Jofré,Alberto,,,,Male,1924-05-16,"Los Sports",,
688,Amateur,,,Morales,Alfonso,,,,Male,1924-05-16,"Los Sports",,
689,Amateur,,,Orellana,Orlando,,,,Male,1924-05-16,"Los Sports",506,"Quintin Romero Boxing Club"
690,Amateur,feather,,Cabezas,Oscar,,,,,1924-05-16,"Los Sports",,
693,Amateur,feather,,Ferrer,Raul,"Gath y Chavez",,,,1926-03-15,"Boletin Oficial de la Union Industrial de O. Gath y Chavez",,
698,Amateur,,,Vidal,Luis,,,,,"Boletin Oficial de la Union Industrial de O. Gath y Chavez",1926-06-01,697,"Morales Boxing Club"
701,Amateur,,,Riffo,Jacobo,,,,,1926-07-01,"Boletin Oficial de la Union Industrial de O. de Gath y Chavez",,
704,Amateur,minimum,,Juica,José,"Gath y Chavez",,,,1927-03-29,"Boletin Oficial de la Union Industrial de O. de Gath y Chavez",695,"Club Athlético Gath y Chavez"
705,Amateur,fly,,Gajardo,Germán,"Gath y Chavez",,Santiago,Male,1927-03-29,"Boletin Oficial de la Union Industrial de O. de Gath y Chavez",695,"Club Athlético Gath y Chavez"
707,Amateur,,,Vasquez,Juan,"Gath y Chavez",,Santiago,Male,1927-03-29,"Boletin Oficial de la Union Industrial de O. de Gath y Chavez",695,"Club Athlético Gath y Chavez"
708,Amateur,feather,,Moral,Felipe,"Gath y Chavez",,Santiago,Male,1927-03-29,"Boletin Oficial de la Union Industrial de O. de Gath y Chavez",695,"Club Athlético Gath y Chavez"
709,Amateur,middleweight,,Böheme,Gerrado,"Gath y Chavez",,Santiago,Male,1927-03-29,"Boletin Oficial de la Union Industrial de O. de Gath y Chavez",695,"Club Athlético Gath y Chavez"
712,Amateur,,,Lecaros,Alejandro,"Gath y Chavez",,santiago,Male,1927-03-29,"Boletin Oficial de la Union Industrial de O. Gath y Chavez",695,"Club Athlético Gath y Chavez"
714,Amateur,,,Moreno,Julio,,,Santiago,Male,1927-03-29,"Boletin Oficial de la Union Industrial de O. Gath y Chavez",695,"Club Athlético Gath y Chavez"
715,Amateur,,,Vergara,Eduardo,"Gath y Chavez",,Santiago,Male,1927-03-29,"Boletin Oficial de la Union Industrial de O. Gath y Chavez",695,"Club Athlético Gath y Chavez"
717,Amateur,,,Felice,Hector,"Gath y Chavez",,Santiago,Male,1927-03-29,"Boletin Oficial de la Union Industrial de O. Gath y Chavez",695,"Club Athlético Gath y Chavez"
718,Amateur,,,Leon,Alberto,"Gath y Chavez",,Santiago,Male,1927-03-29,"Boletin Oficial de la Union Industrial de O. Gath y Chavez",695,"Club Athlético Gath y Chavez"
719,Amateur,,,Lagos,Juan,"Gath y Chavez",,Santiago,Male,1927-03-29,"Boletin Oficial de la Union Industrial de O. Gath y Chavez",695,"Club Athlético Gath y Chavez"
720,Amateur,,,Marin,Juan,"Gath y Chavez",,Santiago,Male,1927-03-29,"Boletin Oficial de la Union Industrial de O. Gath y Chavez",695,"Club Athlético Gath y Chavez"
724,Amateur,middlelightweight,,"Fuentes Hernández",Erasmo,"Regimiento N° 13 Valdivia",,Valdivia,Male,1928-05-29,"Revista de los Carabineros de Chile",,
725,Amateur,,,Zamorano,Rogelio,,,,,1923-08-19,"La Flecha. Organo del Centro Estudiantil J. Erazuriz Tagle",,
727,Amateur,"midheavy weight",,Tobar,Marcos,"Braden Copper Company",,Rancagua,Male,1924-05-23,"Los Sports",,
731,Amateur,,,Ortiz,Juvenal,,,,,1024-05-23,"Los Sports",730,"Carlos Van Buren Boxing Club"
732,Amateur,,,Villablanca,Luis,"Botica Londres",,Santiago,Male,1924-05-23,"Los Sports",,
733,Amateur,,,Meza,Fernando,,,Santiago,Male,1923-05-23,"Los Sports",,
735,Amateur,,,Correa,Luis,,,,,1924-05-23,"Los Sports",,
736,Amateur,,,Rodríguez,Zorobabel,,,,Male,1924-05-23,"Los Sports",,
737,Amateur,,,Torrres,Arturo,,,,,1923-05-23,"Los Sports",,
738,Amateur,,,Parisi,Antonino,,,,Male,1924-05-23,"Los Sports",,
740,Amateur,,,Torres,Arturo,,,,Male,1924-05-23,"Los Sports",,
743,Amateur,,,Morales,Teófilo,,,,Male,1924-05-23,"Los Sports",,
745,Amateur,fly,,Campora,Roberto,,,Santiago,Male,1924-05-23,"Los Sports",,
747,Amateur,,,Sandoval,,,,Talcahuano,Male,1924-05-23,"Los Sports",,
748,Amateur,,,Muñoz,,,,Talcahuano,Male,1924-05-23,"Los Sports",,
757,Amateur,,,Martínez,Juan,,,Santiago,Male,1924-05-23,"Los Sports",750,"Pedro Martínez Hnos. Boxing Club"
758,Amateur,,,Martínez,"Carlos Rolando",,,Santiago,Male,1924-05-23,"Los Sports",750,"Pedro Martínez Hnos. Boxing Club"
759,Amateur,,,Arriaran,Raúl,,,Santiago,Male,1924-05-23,"Los Sports",750,"Pedro Martínez Hnos. Boxing Club"
760,Amateur,,,Vergara,Manuel,,,Santiago,Male,1924-05-23,"Los Sports",750,"Pedro Martínez Hnos. Boxing Club"
761,Amateur,,,Vergara,Manuel,,,Santiago,Male,1924-05-23,"Los Sports",750,"Pedro Martínez Hnos. Boxing Club"
762,Amateur,,,Martínez,Pedro,,,Santiago,Male,1924-05-23,"Los Sports",750,"Pedro Martínez Hnos. Boxing Club"
763,Amateur,,,Valenzuela,Manuel,,,Santiago,Male,1924-05-23,"Los Sports",750,"Pedro Martínez Hnos. Boxing Club"
764,Amateur,,,Jeria,Angel,,,Santiago,Male,1924-05-23,"Los Sports",750,"Pedro Martínez Hnos. Boxing Club"
765,Amateur,,,Sepúlveda,Alfredo,,,Santiago,Male,1924-05-23,"Los Sports",750,"Pedro Martínez Hnos. Boxing Club"
766,Amateur,,,"San Martín",Gumercindo,,,Santiago,Male,1924-05-23,"Los Sports",750,"Pedro Martínez Hnos. Boxing Club"
767,Amateur,,,Morales,Eduardo,,,Santiago,Male,1924-05-23,"Los Sports",750,"Pedro Martínez Hnos. Boxing Club"
768,Amateur,,,Morales,Moises,,,Santiago,Male,1924-05-23,"Los Sports",750,"Pedro Martínez Hnos. Boxing Club"
769,Amateur,,,Ruiz,S.,,,Santiago,Male,1924-05-23,"Los Sports",750,"Pedro Martínez Hnos. Boxing Club"
770,Amateur,,,Briceño,L.,,,Santiago,Male,1924-05-23,"Los Sports",750,"Pedro Martínez Hnos. Boxing Club"
771,Amateur,,,Fernández,F.,,,Santiago,Male,1924-05-23,"Los Sports",750,"Pedro Martínez Hnos. Boxing Club"
772,Amateur,,,Fuique,J.,,,Santiago,Male,1924-05-23,"Los Sports",750,"Pedro Martínez Hnos. Boxing Club"
773,Amateur,,,Pardo,R.,,,Santiago,Male,1924-05-23,"Los Sports",750,"Pedro Martínez Hnos. Boxing Club"
774,Amateur,,,Alvarez,E.,,,Santiago,Male,1924-05-23,"Los Sports",750,"Pedro Martínez Hnos. Boxing Club"
775,Amateur,,,Rossel,C.,,,Santiago,Male,1924-05-23,"Los Sports",750,"Pedro Martínez Hnos. Boxing Club"
776,Amateur,,,López,Juan,,,Santiago,Male,1924-05-23,"Los Sports",750,"Pedro Martínez Hnos. Boxing Club"
777,Amateur,,,Menares,P.,,,Santiago,Male,1924-05-23,"Los Sports",750,"Pedro Martínez Hnos. Boxing Club"
778,Amateur,,,Palma,Victor,,,Santiago,Male,1924-05-23,"Los Sports",750,"Pedro Martínez Hnos. Boxing Club"
779,Amateur,,,Ortiz,Bartolo,,,Santiago,Male,1924-05-23,"Los Sports",750,"Pedro Martínez Hnos. Boxing Club"
780,Amateur,,,Bolli,Carlos,,,Santiago,Male,1924-05-23,"Los Sports",750,"Pedro Martínez Hnos. Boxing Club"
781,Amateur,,,Zamora,Juan,,,Valparaíso,Male,1924-05-23,"Los Sports",,
783,Amateur,,,Garrido,Segundo,,,,,1924-05-23,"Los Sports",,
784,Amateur,,38,Arco,Luis,,,,,1924-05-23,"Los Sports",,
789,Amateur,,,Ruiz,Antonio,,,,,As,1935-05-24,787,"Rafael Franco Boxing Club"
790,Amateur,,,Torres,Miguel,,,,,As,1935-05-24,787,"Rafael Franco Boxing Club"
793,Amateur,,,Avendaño,Oscar,,,,,1935-05-31,AS,792,"Vega Central Boxing Club"
795,Amateur,,57,Escarate,Gumercindo,,,Buin,Male,1925-07-15,Alborada,,
796,Amateur,"middlelight weight",,Aguilar,Rosalindo,,,Buin,Male,1925-07-15,Alborada,,
797,Amateur,,,Flores,Simón,,,Buin,Male,1925-07-15,Alborada,,
798,Amateur,,,Alfaro,Oscar,,,Buin,Male,1925-07-15,Alborada,,
804,Amateur,,74,Sotomayor,Eduardo,,,Buin,Male,1925-07-15,"Alborada. Organo oficial de la Agrupacion de Maipo de la Asociación Jeneral de Profesores de Chile",,
805,Amateur,,54,Padilla,Juan,,,Buin,Male,1925-07-15,"Alborada. Organo oficial de la Agrupacion de Maipo de la Asociación Jeneral de Profesores de Chile",,
815,Amateur,middleweight,,Parisi,Melo,,,,Male,1924-11-22,"El Quintincito",,
822,Amateur,,,Martinez,Pedro,CRAV,,Penco,Male,1941-04-03,"Pan de Azucar. Periodico del Centro Deportivo Refineria",821,"Centro Deportivo Refineria"
823,Amateur,,,Amigo,Juan,CRAV,,Penco,Male,1941-07-04,"Pan de Azucar. Periodico del Centro Deportivo Refineria",821,"Centro Deportivo Refineria"
824,Amateur,,,Bustos,Juan,CRAV,,Penco,Male,1941-07-04,"Pan de Azucar. Periodico del Centro Deportivo Refineria",821,"Centro Deportivo Refineria"
825,Professional,,,Cifuentes,Jose,,18,Talca,Male,1927-11-29,"Semanario La Prensa. Los Andes",,
826,Professional,,,Badani,Faustino,,,,Male,1927-11-29,"Semanario La Prensa. Los Andes",,
827,Professional,,,Gallardo,Pedro,,,,Male,1927-11-29,"Semanario La Prensa. Los Andes",,
833,Amateur,,60,Valdes,Mario,,,Santiago,Male,1927-11-29,"Semanario La Prensa. Los Andes",,
835,Amateur,,53,Carvajal,Julio,,,,Male,1927-12-04,"Semanario La Prensa. Los Andes",871,"San Felipe Boxing Club"
836,Amateur,,,Baeza,Florencio,,,,Male,1927-12-04,"Semanario La Prensa. Los Andes",,
837,Amateur,,47,Medalla,Luis,,,,Male,1927-12-04,"Semanario La Prensa. Los Andes",,
839,Professional,,41,Lemus,Rosauro,,,,Male,1927-12-25,"Semanario La Prensa. Los Andes",,
840,Professional,,,Lemus,Juan,,,,Male,1927-12-25,"Semanario La Prensa. Los Andes",,
841,Professional,,,Canales,Oscar,,,,Male,1927-12-25,"Semanario La Prensa. Los Andes",,
842,Professional,,58,Huerta,Luis,,,,Male,1927-12-25,"Semanario La Prensa. Los Andes",,
843,Professional,,,Astudillo,Manuel,,,,Male,1927-12-25,"Semanario La Prensa. Los Andes",,
844,Amateur,,,Mendoza,Viterbo,,,,Male,1928-03-15,"Semanario La Prensa. Los Andes",,
865,Amateur,,58,Castillo,Ernesto,,,,Male,1928-03-02,"Semanario La Prensa. Los Andes",,
866,Amateur,,,Rios,Luis,,,"San Felipe",Male,1928-02-02,"Semanario La Prensa. Los Andes",,
867,Amateur,,58,Cifuentes,Alex,,,,Male,1928-02-02,"Semanario La Prensa. Los Andes",,
869,Professional,,,Barraza,Nibaldo,,,"Los Andes",Male,1928-02-05,"Semanario La Prensa. Los Andes",,
870,Amateur,,58,Caceres,Juan,,,,Male,1927-12-25,"Semanario La Prensa. Los Andes",,
872,Amateur,,59,Farias,Gabriel,,,,Male,1928-02-09,"Semanario La Prensa. Los Andes",871,"San Felipe Boxing Club"
873,Amateur,,59,Rojas,Gregorio,,,,Male,1928-02-09,"Semanario La Prensa. Los Andes",,
874,Amateur,,53,Ramirez,Roberto,,,,Male,1928-02-09,"Semanario La Prensa. Los Andes",871,"San Felipe Boxing Club"
875,Amateur,,53,Valdes,Miguel,,,,Male,1928-02-09,"Semanario La Prensa. Los Andes",871,"San Felipe Boxing Club"
876,Amateur,,57,Ortega,Oscar,,,,Male,1928-02-09,"Semanario La Prensa. Los Andes",871,"San Felipe Boxing Club"
881,Amateur,Gallo,,Dias,"Luis Ignacio",,,,,"Semanario La Prensa. Los Andes",1928-02-12,845,"Juan Ferriere Boxing Club"
882,Amateur,Gallo,,Araya,Manuel,,,,,"Semanario La Prensa. Los Andes",1928-02-12,845,"Juan Ferriere Boxing Club"
886,Amateur,,53,Barcelo,Oscar,,,,Male,1928-02-16,"Semanario La Prensa. Los Andes",871,"San Felipe Boxing Club"
889,Amateur,,54,Fuentes,Francisco,,,,Male,1928-02-16,"Semanario La Prensa. Los Andes",871,"San Felipe Boxing Club"
890,Amateur,,53,Mac-Conell,Roberto,,,,Male,1928-02-02,"Semanario La Prensa. Los Andes",,
891,Amateur,,,Huerta,Francisco,,,,,1924-02-10,"Los Sports",,
901,Amateur,minimo,,Vera,Luis,,,Santiago,Male,1924-06-06,"Los Sports",895,"Benito Miranda Boxing Club"
902,Amateur,fly,,Henriquez,Oscar,,,Santiago,Male,1924-06-06,"Los Sports",895,"Benito Miranda Boxing Club"
903,Amateur,gallo,,Arzendiga,Senen,,,Santiago,Male,1924-06-06,"Los Sports",895,"Benito Miranda Boxing Club"
905,Amateur,gallo,,Caceres,Juan,,,Santiago,Male,1924-06-06,"Los Sports",895,"Benito Miranda Boxing Club"
906,Amateur,gallo,,Orrego,Alfonso,,,Santiago,Male,1924-06-06,"Los Sports",895,"Benito Miranda Boxing Club"
907,Amateur,"midlight weight",,Rousseau,Marcelo,,,Santiago,Male,1924-06-06,"Los Sports",895,"Benito Miranda Boxing Club"
908,Amateur,"middle weight",,Rousseau,Jorge,,,Santiago,Male,1924-06-06,"Los Sports",895,"Benito Miranda Boxing Club"
909,Amateur,"middle heavy weight",,Massauet,Jose,,,Santiago,Male,1924-06-06,"Los Sports",895,"Benito Miranda Boxing Club"
910,Amateur,"heavy weight",,Waterlein,Gustavo,,,Santiago,Male,1924-06-06,"Los Sports",895,"Benito Miranda Boxing Club"
912,Amateur,,,"Finlay Feliu",Carlos,,,Quillota,Male,1924-06-06,"Los Sports",,
913,Amateur,,,Aguirre,Heriberto,,,Quillota,Male,1924-06-06,"Los Sports",,
914,Amateur,,,"Court  Z.",Renato,,,Quillota,Male,1924-06-06,"Los Sports",,
915,Amateur,,,Carvajal,Tomás,,,Quillota,Male,1924-06-06,"Los Sports",,
916,Amateur,,,Pizarro,Adolfo,,,Quillota,Male,1924-06-06,"Los Sports",,
917,Amateur,feather,,Figueroa,Eduardo,,,Santiago,Male,1924-06-13,"Los Sports",,
918,Amateur,,,Díaz,Delfín,,,Rancagua,Male,1924-06-13,"Los Sports",,
921,Professional,,,Guzman,Humberto,,,,Male,1924-06-13,"Los Sports",,
922,Professional,,,"Loayza Aguilar",Estanislao,,,,,1924-06-20,"Los Sports",,
931,Amateur,gallo,,Barra,Juan,,,Concepción,Male,1923-02-23,Vicentini,,
933,Amateur,,,Barros,Rogelio,,,Santiago,Male,1924-02-23,Vicentini,,
934,Amateur,,,Trias,Alfonso,,,Santiago,Male,1924-02-23,Vicentini,,
935,Amateur,,,Ibarra,Carlos,,,Santiago,Male,1924-02-23,Vicentini,,
936,Amateur,,,Astorga,Raul,,,Santiago,Male,1924-02-23,Vicentini,,
937,Amateur,,,Avendaño,Manuel,,,Santiago,Male,1924-02-23,Vicentini,,
938,Amateur,,,Inostroza,Lupercio,,,Santiago,Male,1924-02-23,Vicentini,,
939,Professional,,,Salinas,Luis,,,Santiago,Male,1924-02-23,Vicentini,,
940,Amateur,gallo,,Donoso,Carlos,,,,,1924-02-23,Vicentini,,
941,Amateur,gallo,,Cariceo,Humberto,,,,,1924-02-23,Vicentini,,
943,Amateur,gallo,,Contreras,Roberto,,,,,1924-02-23,Vicentini,,
944,Amateur,,,Sanchez,Doroteo,,,,,1924-02-23,Vicentini,,
945,Amateur,,,Labrañas,Luis,,,,,1924-02-23,Vicentini,,
949,Amateur,lightweight,,Aguayo,Duque,,,Santiago,Male,1925-03-22,"La Opinion",,
961,Amateur,,,Bruna,Luis,,,,Male,1928-03-15,"Semanario La Prensa. Los Andes",,
976,Amateur,,55,Ortiz,Rafael,,,"Los Andes",Male,1928-04-08,"Semanario La Prensa. Los Andes",,
982,Professional,,,Bull,John,,,,,"Semanario La Prensa. Los Andes.",1928-04-29,,
983,Professional,,,Rojas,Manuel,,,,,"Semanario La Prensa. Los Andes.",1928-04-29,,
987,Amateur,,46,Iñiguez,Mario,,,Antofagasta,Male,1924-02-01,"Los Sports",,
989,Amateur,,43,Romero,,,,Antofagasta,Male,1924-02-01,"Los Sports",,
995,Amateur,,,Bustillos,Luis,,,Concepción,Male,1924-02-08,"Los Sports",,
999,Amateur,,,Salas,Juan,,,,Male,1924-02-22,"Los Sports",227,"Santiago Wanderers Boxing Club"
1001,Professional,,49,Inostroza,Ruperto,,,,Male,1924-03-07,"Los Sports",,
1003,,,57,Alley,Juan,,,,,1924-03-07,"Los Sports",,
1006,Amateur,,,Henriquez,,,,,Male,1924-03-07,"Los Sports",,
1008,Amateur,,,Leiva,,,,,Male,1924-03-07,"Los Sports",,
1010,Professional,,,Molina,Erasmo,,,Santiago,Male,1924-03-14,"Los Sports",,
1012,Professional,,,Parra,Routier,,,Santiago,Male,1924-03-14,"Los Sports",,
1014,Amateur,,48,Arratia,Jose,,,,Male,1924-03-21,"Los Sports",,
1016,Amateur,,,Garcia,Rafael,,,Talcahuano,Male,1924-04-04,"Los Sports",,
1019,Amateur,lightweight,,Silva,Cristino,,,,Male,1924-04-18,"Los Sports",,
1021,Professional,,,Suarez,Pablo,,,,,1924-04-25,"Los Sports",,
1024,Professional,,,Cipry,John,,,,Male,"Los Sports",1924-04-25,,
1026,Professional,,,Saavedra,Clemente,,,Santiago,Male,1924-04-25,"Los Sports",,
1031,Amateur,,38,Valdivieso,Raul,,,,Male,1924-01-25,"Los Sports",,
1032,Amateur,,,Reyes,Oscar,,,,Male,1924-01-25,"Los Sports",,
1033,Amateur,,,Sáenz,Guillermo,,,,Male,1924-01-25,"Los Sports",,
1035,Amateur,,,Martinez,Alejandro,,,,Male,1924-01-25,"Los Sports",,
1038,Amateur,,,Ibarra,Daniel,,,,Male,1924-01-25,"Los Sports",,
1040,Amateur,,,Iglesias,Alvaro,,,,,1924-01-25,"Los Sports",,
1043,Amateur,,55,Mendez,Arturo,,,,Male,1924-01-25,"Los Sports",,
1048,Amateur,,,Sandoval,Luis,,,,Male,Vicentini,1924-02-23,,
1055,Amateur,,,Arias,Rolando,,,Santiago,Male,1935-06-14,AS,1052,"San Eugenio Boxing Club"
1056,Amateur,,,Bueno,Primitivo,,,Santiago,Male,1935-06-14,AS,1052,"San Eugenio Boxing Club"
1057,Amateur,,,Soto,Luis,,,Santiago,Male,1935-06-14,AS,1052,"San Eugenio Boxing Club"
1058,Amateur,,,Bastías,Luis,,,Santiago,Male,1935-06-14,AS,1052,"San Eugenio Boxing Club"
1059,Amateur,,,Romero,Mario,,,Santiago,Male,1935-06-14,AS,1052,"San Eugenio Boxing Club"
1060,Amateur,,,Encina,"Manuel Segundo",,,Santiago,Male,1935-06-14,AS,1052,"San Eugenio Boxing Club"
